[{
		"state": "India",
		"active": "31787",
		"deceased": "1008",
		"recovered": "7797"
	},
	{
		"state": "Andaman and Nicobar Islands",
		"active": "33",
		"deceased": "0",
		"recovered": "15"
	},
	{
		"state": "Andra Pradesh",
		"active": "1332",
		"deceased": "31",
		"recovered": "287"
	},
	{
		"state": "Arunachal Pradesh",
		"active": "1",
		"deceased": "0",
		"recovered": "1"
	},
	{
		"state": "Assam",
		"active": "38",
		"deceased": "1",
		"recovered": "27"
	},
	{
		"state": "Bihar",
		"active": "383",
		"deceased": "2",
		"recovered": "64"
	},
	{
		"state": "Chandigarh",
		"active": "56",
		"deceased": "0",
		"recovered": "17"
	},
	{
		"state": "Chattisgarh",
		"active": "38",
		"deceased": "0",
		"recovered": "34"
	},
	{
		"state": "Delhi",
		"active": "3314",
		"deceased": "54",
		"recovered": "1078"
	},
	{
		"state": "Goa",
		"active": "7",
		"deceased": "0",
		"recovered": "7"
	},
	{
		"state": "Gujarat",
		"active": "3774",
		"deceased": "181",
		"recovered": "434"
	},
	{
		"state": "Haryana",
		"active": "310",
		"deceased": "3",
		"recovered": "209"
	},
	{
		"state": "Himachal Pradesh",
		"active": "40",
		"deceased": "1",
		"recovered": "25"
	},
	{
		"state": "Jammu and Kashmir",
		"active": "565",
		"deceased": "8",
		"recovered": "176"
	},
	{
		"state": "Jharkhand",
		"active": "105",
		"deceased": "3",
		"recovered": "19"
	},
	{
		"state": "Karnataka",
		"active": "532",
		"deceased": "20",
		"recovered": "215"
	},
	{
		"state": "Kerala",
		"active": "486",
		"deceased": "4",
		"recovered": "359"
	},
	{
		"state": "Ladakh",
		"active": "22",
		"deceased": "0",
		"recovered": "16"
	},
	{
		"state": "Madhya Pradesh",
		"active": "2561",
		"deceased": "119",
		"recovered": "377"
	},
	{
		"state": "Maharashtra",
		"active": "9318",
		"deceased": "300",
		"recovered": "1388"
	},
	{
		"state": "Manipur",
		"active": "2",
		"deceased": "0",
		"recovered": "2"
	},
	{
		"state": "Meghalya",
		"active": "12",
		"deceased": "1",
		"recovered": "0"
	},
	{
		"state": "Mizoram",
		"active": "1",
		"deceased": "0",
		"recovered": "0"
	},
	{
		"state": "Odisha",
		"active": "119",
		"deceased": "1",
		"recovered": "38"
	},
	{
		"state": "Puducherry",
		"active": "8",
		"deceased": "0",
		"recovered": "3"
	},
	{
		"state": "Punjab",
		"active": "322",
		"deceased": "19",
		"recovered": "71"
	},
	{
		"state": "Rajasthan",
		"active": "2364",
		"deceased": "51",
		"recovered": "768"
	},
	{
		"state": "Tamil Nadu",
		"active": "2058",
		"deceased": "25",
		"recovered": "1168"
	},
	{
		"state": "Telangana",
		"active": "1012",
		"deceased": "26",
		"recovered": "367"
	},
	{
		"state": "Tripura",
		"active": "2",
		"deceased": "0",
		"recovered": "2"
	},
	{
		"state": "Uttar Pradesh",
		"active": "2115",
		"deceased": "36",
		"recovered": "477"
	},
	{
		"state": "Uttrakhand",
		"active": "54",
		"deceased": "34",
		"recovered": "0"
	},
	{
		"state": "West Bengal",
		"active": "725",
		"deceased": "22",
		"recovered": "119"
	}
]